{
  "name": "TFT_eSPI",
  "version": "0.17.20",
  "keywords": "TFT, ESP8266, NodeMCU, ESP32, ILI9341, ST7735, ILI9163, S6D02A1, ILI9486",
  "description": "A TFT SPI graphics library for ESP8266",
  "repository":
  {
    "type": "git",
    "url": "https://github.com/Bodmer/TFT_eSPI"
  },
  "authors":
  [
    {
        "name": "Bodmer",
        "email": "bodmer@anola.net",
        "maintainer": true
    },
    {
        "name": "Adafruit",
        "url": "https://www.adafruit.com/"
    }
  ],
  "frameworks": "arduino",
  "platforms": "espressif8266"
}
